<?xml version="1.0" encoding="UTF-8"?>
<project-private xmlns="http://www.netbeans.org/ns/project-private/1">
    <editor-bookmarks xmlns="http://www.netbeans.org/ns/editor-bookmarks/2" lastBookmarkId="0"/>
    <open-files xmlns="http://www.netbeans.org/ns/projectui-open-files/2">
        <group>
            <file>file:/Users/lukasfriesenecker/Documents/ITP%20Informationstechnische%20Projekte/ITP%20Projekt/Prototyp/src/main/TheMain.java</file>
            <file>file:/Users/lukasfriesenecker/Documents/ITP%20Informationstechnische%20Projekte/ITP%20Projekt/Prototyp/src/prototyp/FXML.fxml</file>
        </group>
    </open-files>
</project-private>
