<?xml version="1.0" encoding="UTF-8"?>
<project-private xmlns="http://www.netbeans.org/ns/project-private/1">
    <editor-bookmarks xmlns="http://www.netbeans.org/ns/editor-bookmarks/2" lastBookmarkId="0"/>
    <open-files xmlns="http://www.netbeans.org/ns/projectui-open-files/2">
        <group>
            <file>file:/C:/Users/Stefan/Documents/schule_lokal/BeHealthy/src/todayValues/PieChartController.java</file>
            <file>file:/C:/Users/Stefan/Documents/schule_lokal/BeHealthy/src/nav/NavC.java</file>
            <file>file:/C:/Users/Stefan/Documents/schule_lokal/BeHealthy/src/login/LoginC.java</file>
            <file>file:/C:/Users/Stefan/Documents/schule_lokal/BeHealthy/src/perMealValues/ViewController.java</file>
            <file>file:/C:/Users/Stefan/Documents/schule_lokal/BeHealthy/src/sql/create.sql</file>
            <file>file:/C:/Users/Stefan/Documents/schule_lokal/BeHealthy/src/login/RegisterC.java</file>
            <file>file:/C:/Users/Stefan/Documents/schule_lokal/BeHealthy/src/nav/Nav.java</file>
            <file>file:/C:/Users/Stefan/Documents/schule_lokal/BeHealthy/src/profile/ProfileC.java</file>
            <file>file:/C:/Users/Stefan/Documents/schule_lokal/BeHealthy/src/perMealValues/Values.java</file>
        </group>
    </open-files>
</project-private>
